327;966217823;CP001;400SN39173;Compumax;Equipo de computo;CPU;CPU - Bodg50-9051-900-0017 GMR ESC   ;Compumax Computer ;Campuslands;2000000;;;
327;966217823;MON001;COM2024CM21070723;Compumax;Equipo de computo;Monitor;Monitor - Bodg50-9051-900-0017 GMR ESC   ;Compumax Computer ;Campuslands;300000;;;
327;966217823;TE001;KBM130091706;Compumax;Equipo de computo;Teclado;Teclado - Bodg50-9051-900-0017 GMR ESC   ;Compumax Computer ;Campuslands;150000;;;
327;966217823;MO001;Sin serial ;Compumax;Equipo de computo;Mouse;Mouse - Bodg50-9051-900-0017 GMR ESC   ;Compumax Computer ;Campuslands;70000;;;
327;966217823;CP002;400SN39208;Compumax;Equipo de computo;CPU;CPU - Bodg50-9051-900-0017 GMR ESC   ;Compumax Computer ;Campuslands;2000000;;;
327;966217823;MON002;COM2024CM21070880;Compumax;Equipo de computo;Monitor;Monitor - Bodg50-9051-900-0017 GMR ESC   ;Compumax Computer ;Campuslands;300000;;;
327;966217823;TE002;KBM130090718;Compumax;Equipo de computo;Teclado;Teclado - Bodg50-9051-900-0017 GMR ESC   ;Compumax Computer ;Campuslands;150000;;;
327;966217823;MO002;Sin serial ;Compumax;Equipo de computo;Mouse;Mouse - Bodg50-9051-900-0017 GMR ESC   ;Compumax Computer ;Campuslands;70000;;;
327;966217823;CP003;400SN39182;Compumax;Equipo de computo;CPU;CPU - Bodg50-9051-900-0017 GMR ESC   ;Compumax Computer ;Campuslands;2000000;;;
327;966217823;MON003;COM2024CM21070018;Compumax;Equipo de computo;Monitor;Monitor - Bodg50-9051-900-0017 GMR ESC   ;Compumax Computer ;Campuslands;300000;;;
327;966217823;TE003;KBM130090717;Compumax;Equipo de computo;Teclado;Teclado - Bodg50-9051-900-0017 GMR ESC   ;Compumax Computer ;Campuslands;150000;;;
327;966217823;MO003;Sin serial ;Compumax;Equipo de computo;Mouse;Mouse - Bodg50-9051-900-0017 GMR ESC   ;Compumax Computer ;Campuslands;70000;;;
327;966217823;CP004;400SN39190;Compumax;Equipo de computo;CPU;CPU - Bodg50-9051-900-0017 GMR ESC   ;Compumax Computer ;Campuslands;2000000;;;
327;966217823;MON004;COM2024CM21070876;Compumax;Equipo de computo;Monitor;Monitor - Bodg50-9051-900-0017 GMR ESC   ;Compumax Computer ;Campuslands;300000;;;
327;966217823;TE004;KBM130090719;Compumax;Equipo de computo;Teclado;Teclado - Bodg50-9051-900-0017 GMR ESC   ;Compumax Computer ;Campuslands;150000;;;
327;966217823;MO004;Sin serial ;Compumax;Equipo de computo;Mouse;Mouse - Bodg50-9051-900-0017 GMR ESC   ;Compumax Computer ;Campuslands;70000;;;
327;966217823;CP005;400SN39186;Compumax;Equipo de computo;CPU;CPU - Bodg50-9051-900-0017 GMR ESC   ;Compumax Computer ;Campuslands;2000000;;;
327;966217823;MON005;COM2024CM21070838;Compumax;Equipo de computo;Monitor;Monitor - Bodg50-9051-900-0017 GMR ESC   ;Compumax Computer ;Campuslands;300000;;;
327;966217823;TE005;KBM130091718;Compumax;Equipo de computo;Teclado;Teclado - Bodg50-9051-900-0017 GMR ESC   ;Compumax Computer ;Campuslands;150000;;;
327;966217823;MO005;Sin serial ;Compumax;Equipo de computo;Mouse;Mouse - Bodg50-9051-900-0017 GMR ESC   ;Compumax Computer ;Campuslands;70000;;;
327;966217823;CP006;400SN39198;Compumax;Equipo de computo;CPU;CPU - Bodg50-9051-900-0017 GMR ESC   ;Compumax Computer ;Campuslands;2000000;;;
327;966217823;MON006;COM2024CM21070638;Compumax;Equipo de computo;Monitor;Monitor - Bodg50-9051-900-0017 GMR ESC   ;Compumax Computer ;Campuslands;300000;;;
327;966217823;TE006;KBM130091719;Compumax;Equipo de computo;Teclado;Teclado - Bodg50-9051-900-0017 GMR ESC   ;Compumax Computer ;Campuslands;150000;;;
327;966217823;MO006;Sin serial ;Compumax;Equipo de computo;Mouse;Mouse - Bodg50-9051-900-0017 GMR ESC   ;Compumax Computer ;Campuslands;70000;;;
327;966217823;CP007;102SN55107;Compumax;Equipo de computo;CPU;CPU - Bodg50-9051-900-0017 GMR ESC   ;Compumax Computer ;Campuslands;2000000;;;
327;966217823;MON007;COM2024CM21070037;Compumax;Equipo de computo;Monitor;Monitor - Bodg50-9051-900-0017 GMR ESC   ;Compumax Computer ;Campuslands;300000;;;
327;966217823;TE007;KBM130091731;Compumax;Equipo de computo;Teclado;Teclado - Bodg50-9051-900-0017 GMR ESC   ;Compumax Computer ;Campuslands;150000;;;
327;966217823;MO007;Sin serial ;Compumax;Equipo de computo;Mouse;Mouse - Bodg50-9051-900-0017 GMR ESC   ;Compumax Computer ;Campuslands;70000;;;
327;966217823;CP008;102SN55106;Compumax;Equipo de computo;CPU;CPU - Bodg50-9051-900-0017 GMR ESC   ;Compumax Computer ;Campuslands;2000000;;;
327;966217823;MON008;COM2024CM21070115;Compumax;Equipo de computo;Monitor;Monitor - Bodg50-9051-900-0017 GMR ESC   ;Compumax Computer ;Campuslands;300000;;;
327;966217823;TE008;KBM130091732;Compumax;Equipo de computo;Teclado;Teclado - Bodg50-9051-900-0017 GMR ESC   ;Compumax Computer ;Campuslands;150000;;;
327;966217823;MO008;Sin serial ;Compumax;Equipo de computo;Mouse;Mouse - Bodg50-9051-900-0017 GMR ESC   ;Compumax Computer ;Campuslands;70000;;;
327;966217823;CP009;400SN39204;Compumax;Equipo de computo;CPU;CPU - Bodg50-9051-900-0017 GMR ESC   ;Compumax Computer ;Campuslands;2000000;;;
327;966217823;MON009;COM2024CM21070874;Compumax;Equipo de computo;Monitor;Monitor - Bodg50-9051-900-0017 GMR ESC   ;Compumax Computer ;Campuslands;300000;;;
327;966217823;TE009;KBM130090731;Compumax;Equipo de computo;Teclado;Teclado - Bodg50-9051-900-0017 GMR ESC   ;Compumax Computer ;Campuslands;150000;;;
327;966217823;MO009;Sin serial ;Compumax;Equipo de computo;Mouse;Mouse - Bodg50-9051-900-0017 GMR ESC   ;Compumax Computer ;Campuslands;70000;;;
327;966217823;CP010;400SN39214;Compumax;Equipo de computo;CPU;CPU - Bodg50-9051-900-0017 GMR ESC   ;Compumax Computer ;Campuslands;2000000;;;
327;966217823;MON010;COM2024CM21070105;Compumax;Equipo de computo;Monitor;Monitor - Bodg50-9051-900-0017 GMR ESC   ;Compumax Computer ;Campuslands;300000;;;
327;966217823;TE010;KBM130090732;Compumax;Equipo de computo;Teclado;Teclado - Bodg50-9051-900-0017 GMR ESC   ;Compumax Computer ;Campuslands;150000;;;
327;966217823;MO010;Sin serial ;Compumax;Equipo de computo;Mouse;Mouse - Bodg50-9051-900-0017 GMR ESC   ;Compumax Computer ;Campuslands;70000;;;
327;966217823;CP011;400SN39189;Compumax;Equipo de computo;CPU;CPU - Bodg50-9051-900-0017 GMR ESC   ;Compumax Computer ;Campuslands;2000000;;;
327;966217823;MON011;COM2024CM21070010;Compumax;Equipo de computo;Monitor;Monitor - Bodg50-9051-900-0017 GMR ESC   ;Compumax Computer ;Campuslands;300000;;;
327;966217823;TE011;KBM130091733;Compumax;Equipo de computo;Teclado;Teclado - Bodg50-9051-900-0017 GMR ESC   ;Compumax Computer ;Campuslands;150000;;;
327;966217823;MO011;Sin serial ;Compumax;Equipo de computo;Mouse;Mouse - Bodg50-9051-900-0017 GMR ESC   ;Compumax Computer ;Campuslands;70000;;;
327;966217823;CP012;400SN39223;Compumax;Equipo de computo;CPU;CPU - Bodg50-9051-900-0017 GMR ESC   ;Compumax Computer ;Campuslands;2000000;;;
327;966217823;MON012;COM2024CM21070109;Compumax;Equipo de computo;Monitor;Monitor - Bodg50-9051-900-0017 GMR ESC   ;Compumax Computer ;Campuslands;300000;;;
327;966217823;TE012;KBM130090703;Compumax;Equipo de computo;Teclado;Teclado - Bodg50-9051-900-0017 GMR ESC   ;Compumax Computer ;Campuslands;150000;;;
327;966217823;MO012;Sin serial ;Compumax;Equipo de computo;Mouse;Mouse - Bodg50-9051-900-0017 GMR ESC   ;Compumax Computer ;Campuslands;70000;;;
327;966217823;CP013;400SN39229;Compumax;Equipo de computo;CPU;CPU - Bodg50-9051-900-0017 GMR ESC   ;Compumax Computer ;Campuslands;2000000;;;
327;966217823;MON013;COM2024CM21070502;Compumax;Equipo de computo;Monitor;Monitor - Bodg50-9051-900-0017 GMR ESC   ;Compumax Computer ;Campuslands;300000;;;
327;966217823;TE013;KBM130090708;Compumax;Equipo de computo;Teclado;Teclado - Bodg50-9051-900-0017 GMR ESC   ;Compumax Computer ;Campuslands;150000;;;
327;966217823;MO013;Sin serial ;Compumax;Equipo de computo;Mouse;Mouse - Bodg50-9051-900-0017 GMR ESC   ;Compumax Computer ;Campuslands;70000;;;
327;966217823;CP014;400SN39178;Compumax;Equipo de computo;CPU;CPU - Bodg50-9051-900-0017 GMR ESC   ;Compumax Computer ;Campuslands;2000000;;;
327;966217823;MON014;COM2024CM21070136;Compumax;Equipo de computo;Monitor;Monitor - Bodg50-9051-900-0017 GMR ESC   ;Compumax Computer ;Campuslands;300000;;;
327;966217823;TE014;KBM130091708;Compumax;Equipo de computo;Teclado;Teclado - Bodg50-9051-900-0017 GMR ESC   ;Compumax Computer ;Campuslands;150000;;;
327;966217823;MO014;Sin serial ;Compumax;Equipo de computo;Mouse;Mouse - Bodg50-9051-900-0017 GMR ESC   ;Compumax Computer ;Campuslands;70000;;;
327;966217823;CP015;400SN39196;Compumax;Equipo de computo;CPU;CPU - Bodg50-9051-900-0017 GMR ESC   ;Compumax Computer ;Campuslands;2000000;;;
327;966217823;MON015;COM2024CM21070001;Compumax;Equipo de computo;Monitor;Monitor - Bodg50-9051-900-0017 GMR ESC   ;Compumax Computer ;Campuslands;300000;;;
327;966217823;TE015;KBM130091707;Compumax;Equipo de computo;Teclado;Teclado - Bodg50-9051-900-0017 GMR ESC   ;Compumax Computer ;Campuslands;150000;;;
327;966217823;MO015;Sin serial ;Compumax;Equipo de computo;Mouse;Mouse - Bodg50-9051-900-0017 GMR ESC   ;Compumax Computer ;Campuslands;70000;;;
327;966217823;CP016;102SN55081;Compumax;Equipo de computo;CPU;CPU - Bodg50-9051-900-0017 GMR ESC   ;Compumax Computer ;Campuslands;2000000;;;
327;966217823;MON016;COM2024CM21070846;Compumax;Equipo de computo;Monitor;Monitor - Bodg50-9051-900-0017 GMR ESC   ;Compumax Computer ;Campuslands;300000;;;
327;966217823;TE016;KBM130090709;Compumax;Equipo de computo;Teclado;Teclado - Bodg50-9051-900-0017 GMR ESC   ;Compumax Computer ;Campuslands;150000;;;
327;966217823;MO016;Sin serial ;Compumax;Equipo de computo;Mouse;Mouse - Bodg50-9051-900-0017 GMR ESC   ;Compumax Computer ;Campuslands;70000;;;
327;966217823;CP017;400SN39183;Compumax;Equipo de computo;CPU;CPU - Bodg50-9051-900-0017 GMR ESC   ;Compumax Computer ;Campuslands;2000000;;;
327;966217823;MON017;COM2024CM21070211;Compumax;Equipo de computo;Monitor;Monitor - Bodg50-9051-900-0017 GMR ESC   ;Compumax Computer ;Campuslands;300000;;;
327;966217823;TE017;KBM130091709;Compumax;Equipo de computo;Teclado;Teclado - Bodg50-9051-900-0017 GMR ESC   ;Compumax Computer ;Campuslands;150000;;;
327;966217823;MO017;Sin serial ;Compumax;Equipo de computo;Mouse;Mouse - Bodg50-9051-900-0017 GMR ESC   ;Compumax Computer ;Campuslands;70000;;;
327;966217823;CP018;102SN55098;Compumax;Equipo de computo;CPU;CPU - Bodg50-9051-900-0017 GMR ESC   ;Compumax Computer ;Campuslands;2000000;;;
327;966217823;MON018;COM2024CM21070733;Compumax;Equipo de computo;Monitor;Monitor - Bodg50-9051-900-0017 GMR ESC   ;Compumax Computer ;Campuslands;300000;;;
327;966217823;TE018;KBM130090710;Compumax;Equipo de computo;Teclado;Teclado - Bodg50-9051-900-0017 GMR ESC   ;Compumax Computer ;Campuslands;150000;;;
327;966217823;MO018;Sin serial ;Compumax;Equipo de computo;Mouse;Mouse - Bodg50-9051-900-0017 GMR ESC   ;Compumax Computer ;Campuslands;70000;;;
327;966217823;CP019;102SN55108;Compumax;Equipo de computo;CPU;CPU - Bodg50-9051-900-0017 GMR ESC   ;Compumax Computer ;Campuslands;2000000;;;
327;966217823;MON019;COM2024CM21070287;Compumax;Equipo de computo;Monitor;Monitor - Bodg50-9051-900-0017 GMR ESC   ;Compumax Computer ;Campuslands;300000;;;
327;966217823;TE019;KBM130091748;Compumax;Equipo de computo;Teclado;Teclado - Bodg50-9051-900-0017 GMR ESC   ;Compumax Computer ;Campuslands;150000;;;
327;966217823;MO019;Sin serial ;Compumax;Equipo de computo;Mouse;Mouse - Bodg50-9051-900-0017 GMR ESC   ;Compumax Computer ;Campuslands;70000;;;
327;966217823;CP020;400SN39224;Compumax;Equipo de computo;CPU;CPU - Bodg50-9051-900-0017 GMR ESC   ;Compumax Computer ;Campuslands;2000000;;;
327;966217823;MON020;COM2024CM21070629;Compumax;Equipo de computo;Monitor;Monitor - Bodg50-9051-900-0017 GMR ESC   ;Compumax Computer ;Campuslands;300000;;;
327;966217823;TE020;KBM130090748;Compumax;Equipo de computo;Teclado;Teclado - Bodg50-9051-900-0017 GMR ESC   ;Compumax Computer ;Campuslands;150000;;;
327;966217823;MO020;;Compumax;Equipo de computo;Mouse;Mouse - Bodg50-9051-900-0017 GMR ESC   ;Compumax Computer ;Campuslands;70000;;;
327;966217823;CP021;400SN39179;Compumax;Equipo de computo;CPU;CPU - Bodg50-9051-900-0017 GMR ESC   ;Compumax Computer ;Campuslands;2000000;;;
327;966217823;MON021;COM2024CM21070188;Compumax;Equipo de computo;Monitor;Monitor - Bodg50-9051-900-0017 GMR ESC   ;Compumax Computer ;Campuslands;300000;;;
327;966217823;TE021;KBM130090749;Compumax;Equipo de computo;Teclado;Teclado - Bodg50-9051-900-0017 GMR ESC   ;Compumax Computer ;Campuslands;150000;;;
327;966217823;MO021;Sin serial ;Compumax;Equipo de computo;Mouse;Mouse - Bodg50-9051-900-0017 GMR ESC   ;Compumax Computer ;Campuslands;70000;;;
327;966217823;CP022;102SN55092;Compumax;Equipo de computo;CPU;CPU - Bodg50-9051-900-0017 GMR ESC   ;Compumax Computer ;Campuslands;2000000;;;
327;966217823;MON022;COM2024CM21070050;Compumax;Equipo de computo;Monitor;Monitor - Bodg50-9051-900-0017 GMR ESC   ;Compumax Computer ;Campuslands;300000;;;
327;966217823;TE022;KBM130090705;Compumax;Equipo de computo;Teclado;Teclado - Bodg50-9051-900-0017 GMR ESC   ;Compumax Computer ;Campuslands;150000;;;
327;966217823;MO022;Sin serial ;Compumax;Equipo de computo;Mouse;Mouse - Bodg50-9051-900-0017 GMR ESC   ;Compumax Computer ;Campuslands;70000;;;
327;966217823;CP023;400SN39187;Compumax;Equipo de computo;CPU;CPU - Bodg50-9051-900-0017 GMR ESC   ;Compumax Computer ;Campuslands;2000000;;;
327;966217823;MON023;COM2024CM21070663;Compumax;Equipo de computo;Monitor;Monitor - Bodg50-9051-900-0017 GMR ESC   ;Compumax Computer ;Campuslands;300000;;;
327;966217823;TE023;KBM130090733;Compumax;Equipo de computo;Teclado;Teclado - Bodg50-9051-900-0017 GMR ESC   ;Compumax Computer ;Campuslands;150000;;;
327;966217823;MO023;Sin serial ;Compumax;Equipo de computo;Mouse;Mouse - Bodg50-9051-900-0017 GMR ESC   ;Compumax Computer ;Campuslands;70000;;;
327;966217823;CP024;400SN39200;Compumax;Equipo de computo;CPU;CPU - Bodg50-9051-900-0017 GMR ESC   ;Compumax Computer ;Campuslands;2000000;;;
327;966217823;MON024;COM2024CM21070705;Compumax;Equipo de computo;Monitor;Monitor - Bodg50-9051-900-0017 GMR ESC   ;Compumax Computer ;Campuslands;300000;;;
327;966217823;TE024;KBM130091705;Compumax;Equipo de computo;Teclado;Teclado - Bodg50-9051-900-0017 GMR ESC   ;Compumax Computer ;Campuslands;150000;;;
327;966217823;MO024;Sin serial ;Compumax;Equipo de computo;Mouse;Mouse - Bodg50-9051-900-0017 GMR ESC   ;Compumax Computer ;Campuslands;70000;;;
327;966217823;CP025;102SN55091;Compumax;Equipo de computo;CPU;CPU - Bodg50-9051-900-0017 GMR ESC   ;Compumax Computer ;Campuslands;2000000;;;
327;966217823;MON025;COM2024CM21070754;Compumax;Equipo de computo;Monitor;Monitor - Bodg50-9051-900-0017 GMR ESC   ;Compumax Computer ;Campuslands;300000;;;
327;966217823;TE025;KBM130091701;Compumax;Equipo de computo;Teclado;Teclado - Bodg50-9051-900-0017 GMR ESC   ;Compumax Computer ;Campuslands;150000;;;
327;966217823;MO025;Sin serial ;Compumax;Equipo de computo;Mouse;Mouse - Bodg50-9051-900-0017 GMR ESC   ;Compumax Computer ;Campuslands;70000;;;
327;966217823;CP026;400SN39237;Compumax;Equipo de computo;CPU;CPU - Bodg50-9051-900-0017 GMR ESC   ;Compumax Computer ;Campuslands;2000000;;;
327;966217823;MON026;COM2024CM21070394;Compumax;Equipo de computo;Monitor;Monitor - Bodg50-9051-900-0017 GMR ESC   ;Compumax Computer ;Campuslands;300000;;;
327;966217823;TE026;KBM130091751;Compumax;Equipo de computo;Teclado;Teclado - Bodg50-9051-900-0017 GMR ESC   ;Compumax Computer ;Campuslands;150000;;;
327;966217823;MO026;Sin serial ;Compumax;Equipo de computo;Mouse;Mouse - Bodg50-9051-900-0017 GMR ESC   ;Compumax Computer ;Campuslands;70000;;;
327;966217823;CP027;102SN55099;Compumax;Equipo de computo;CPU;CPU - Bodg50-9051-900-0017 GMR ESC   ;Compumax Computer ;Campuslands;2000000;;;
327;966217823;MON027;COM2024CM21070683;Compumax;Equipo de computo;Monitor;Monitor - Bodg50-9051-900-0017 GMR ESC   ;Compumax Computer ;Campuslands;300000;;;
327;966217823;TE027;KBM130090751;Compumax;Equipo de computo;Teclado;Teclado - Bodg50-9051-900-0017 GMR ESC   ;Compumax Computer ;Campuslands;150000;;;
327;966217823;MO027;Sin serial ;Compumax;Equipo de computo;Mouse;Mouse - Bodg50-9051-900-0017 GMR ESC   ;Compumax Computer ;Campuslands;70000;;;
327;966217823;CP028;400SN39184;Compumax;Equipo de computo;CPU;CPU - Bodg50-9051-900-0017 GMR ESC   ;Compumax Computer ;Campuslands;2000000;;;
327;966217823;MON028;COM2024CM21070520;Compumax;Equipo de computo;Monitor;Monitor - Bodg50-9051-900-0017 GMR ESC   ;Compumax Computer ;Campuslands;300000;;;
327;966217823;TE028;KBM130091717;Compumax;Equipo de computo;Teclado;Teclado - Bodg50-9051-900-0017 GMR ESC   ;Compumax Computer ;Campuslands;150000;;;
327;966217823;MO028;Sin serial ;Compumax;Equipo de computo;Mouse;Mouse - Bodg50-9051-900-0017 GMR ESC   ;Compumax Computer ;Campuslands;70000;;;
327;966217823;CP029;400SN39180;Compumax;Equipo de computo;CPU;CPU - Bodg50-9051-900-0017 GMR ESC   ;Compumax Computer ;Campuslands;2000000;;;
327;966217823;MON029;COM2024CM21070374;Compumax;Equipo de computo;Monitor;Monitor - Bodg50-9051-900-0017 GMR ESC   ;Compumax Computer ;Campuslands;300000;;;
327;966217823;TE029;KBM130090704;Compumax;Equipo de computo;Teclado;Teclado - Bodg50-9051-900-0017 GMR ESC   ;Compumax Computer ;Campuslands;150000;;;
327;966217823;MO029;Sin serial ;Compumax;Equipo de computo;Mouse;Mouse - Bodg50-9051-900-0017 GMR ESC   ;Compumax Computer ;Campuslands;70000;;;
327;966217823;CP030;400SN39199;Compumax;Equipo de computo;CPU;CPU - Bodg50-9051-900-0017 GMR ESC   ;Compumax Computer ;Campuslands;2000000;;;
327;966217823;MON030;COM2024CM21070711;Compumax;Equipo de computo;Monitor;Monitor - Bodg50-9051-900-0017 GMR ESC   ;Compumax Computer ;Campuslands;300000;;;
327;966217823;TE030;KBM130091715;Compumax;Equipo de computo;Teclado;Teclado - Bodg50-9051-900-0017 GMR ESC   ;Compumax Computer ;Campuslands;150000;;;
327;966217823;MO030;Sin serial ;Compumax;Equipo de computo;Mouse;Mouse - Bodg50-9051-900-0017 GMR ESC   ;Compumax Computer ;Campuslands;70000;;;
327;966217823;CP031;102SN55105;Compumax;Equipo de computo;CPU;CPU - Bodg50-9051-900-0017 GMR ESC   ;Compumax Computer ;Campuslands;2000000;;;
327;966217823;MON031;COM2024CM21070043;Compumax;Equipo de computo;Monitor;Monitor - Bodg50-9051-900-0017 GMR ESC   ;Compumax Computer ;Campuslands;300000;;;
327;966217823;TE031;UD18J2C00169;Compumax;Equipo de computo;Teclado;Teclado - Bodg50-9051-900-0017 GMR ESC   ;Compumax Computer ;Campuslands;150000;;;
327;966217823;MO031;Sin serial ;Compumax;Equipo de computo;Mouse;Mouse - Bodg50-9051-900-0017 GMR ESC   ;Compumax Computer ;Campuslands;70000;;;
327;966217823;CP032;102SN55097;Compumax;Equipo de computo;CPU;CPU - Bodg50-9051-900-0017 GMR ESC   ;Compumax Computer ;Campuslands;2000000;;;
327;966217823;MON032;COM2024CM21070151;Compumax;Equipo de computo;Monitor;Monitor - Bodg50-9051-900-0017 GMR ESC   ;Compumax Computer ;Campuslands;300000;;;
327;966217823;TE032;KBM130090716;Compumax;Equipo de computo;Teclado;Teclado - Bodg50-9051-900-0017 GMR ESC   ;Compumax Computer ;Campuslands;150000;;;
327;966217823;MO032;Sin serial ;Compumax;Equipo de computo;Mouse;Mouse - Bodg50-9051-900-0017 GMR ESC   ;Compumax Computer ;Campuslands;70000;;;
327;966217823;CP033;102SN55104;Compumax;Equipo de computo;CPU;CPU - Bodg50-9051-900-0017 GMR ESC   ;Compumax Computer ;Campuslands;2000000;;;
327;966217823;MON033;COM2024CM21070127;Compumax;Equipo de computo;Monitor;Monitor - Bodg50-9051-900-0017 GMR ESC   ;Compumax Computer ;Campuslands;300000;;;
327;966217823;TE033;KBM130090715;Compumax;Equipo de computo;Teclado;Teclado - Bodg50-9051-900-0017 GMR ESC   ;Compumax Computer ;Campuslands;150000;;;
327;966217823;MO033;Sin serial ;Compumax;Equipo de computo;Mouse;Mouse - Bodg50-9051-900-0017 GMR ESC   ;Compumax Computer ;Campuslands;70000;;;
327;966217823;CP034;102SN55084;Compumax;Equipo de computo;CPU;CPU - Bodg50-9051-900-0017 GMR ESC   ;Compumax Computer ;Campuslands;2000000;;;
327;966217823;MON034;COM2024CM21070029;Compumax;Equipo de computo;Monitor;Monitor - Bodg50-9051-900-0017 GMR ESC   ;Compumax Computer ;Campuslands;300000;;;
327;966217823;TE034;KBM130091714;Compumax;Equipo de computo;Teclado;Teclado - Bodg50-9051-900-0017 GMR ESC   ;Compumax Computer ;Campuslands;150000;;;
327;966217823;MO034;Sin serial ;Compumax;Equipo de computo;Mouse;Mouse - Bodg50-9051-900-0017 GMR ESC   ;Compumax Computer ;Campuslands;70000;;;
327;966217823;CP035;400SN39194;Compumax;Equipo de computo;CPU;CPU - Bodg50-9051-900-0017 GMR ESC   ;Compumax Computer ;Campuslands;2000000;;;
327;966217823;MON035;COM2024CM21070135;Compumax;Equipo de computo;Monitor;Monitor - Bodg50-9051-900-0017 GMR ESC   ;Compumax Computer ;Campuslands;300000;;;
327;966217823;TE035;KBM130090714;Compumax;Equipo de computo;Teclado;Teclado - Bodg50-9051-900-0017 GMR ESC   ;Compumax Computer ;Campuslands;150000;;;
327;966217823;MO035;Sin serial ;Compumax;Equipo de computo;Mouse;Mouse - Bodg50-9051-900-0017 GMR ESC   ;Compumax Computer ;Campuslands;70000;;;
327;966217823;CP036;Sin serial ;Compumax;Equipo de computo;CPU;CPU-Bodg50-9048-900-0044 GMRESC R3;Compumax Computer ;Campuslands;2000000;;;
327;966217823;CP037;400SN39175;Compumax;Equipo de computo;CPU;CPU-Bodg50-9048-900-0044 GMRESC R3;Compumax Computer ;Campuslands;2000000;;;
327;966217823;MON037;COM2024CM21070257;Compumax;Equipo de computo;Monitor;Monitor-Bodg50-9048-900-0044 GMRESC R3;Compumax Computer ;Campuslands;300000;;;
327;966217823;TE037;KBM130091739;Compumax;Equipo de computo;Teclado;Teclado-Bodg50-9048-900-0044 GMRESC R3;Compumax Computer ;Campuslands;150000;;;
327;966217823;MO037;Sin serial ;Compumax;Equipo de computo;Mouse;Mouse-Bodg50-9048-900-0044 GMRESC R3;Compumax Computer ;Campuslands;70000;;;
327;966217823;CP038;400SN39206;Compumax;Equipo de computo;CPU;CPU-Bodg50-9048-900-0044 GMRESC R3;Compumax Computer ;Campuslands;2000000;;;
327;966217823;MON038;COM2024CM21070609;Compumax;Equipo de computo;Monitor;Monitor-Bodg50-9048-900-0044 GMRESC R3;Compumax Computer ;Campuslands;300000;;;
327;966217823;TE038;KBM130091743;Compumax;Equipo de computo;Teclado;Teclado-Bodg50-9048-900-0044 GMRESC R3;Compumax Computer ;Campuslands;150000;;;
327;966217823;MO038;Sin serial ;Compumax;Equipo de computo;Mouse;Mouse-Bodg50-9048-900-0044 GMRESC R3;Compumax Computer ;Campuslands;70000;;;
327;966217823;CP039;400SN39212;Compumax;Equipo de computo;CPU;CPU-Bodg50-9048-900-0044 GMRESC R3;Compumax Computer ;Campuslands;2000000;;;
327;966217823;MON039;COM2024CM21070778;Compumax;Equipo de computo;Monitor;Monitor-Bodg50-9048-900-0044 GMRESC R3;Compumax Computer ;Campuslands;300000;;;
327;966217823;TE039;KBM130090742;Compumax;Equipo de computo;Teclado;Teclado-Bodg50-9048-900-0044 GMRESC R3;Compumax Computer ;Campuslands;150000;;;
327;966217823;MO039;Sin serial ;Compumax;Equipo de computo;Mouse;Mouse-Bodg50-9048-900-0044 GMRESC R3;Compumax Computer ;Campuslands;70000;;;
327;966217823;CP040;400SN39217;Compumax;Equipo de computo;CPU;CPU-Bodg50-9048-900-0044 GMRESC R3;Compumax Computer ;Campuslands;2000000;;;
327;966217823;MON040;COM2024CM21070069;Compumax;Equipo de computo;Monitor;Monitor-Bodg50-9048-900-0044 GMRESC R3;Compumax Computer ;Campuslands;300000;;;
327;966217823;TE040;KBM130091742;Compumax;Equipo de computo;Teclado;Teclado-Bodg50-9048-900-0044 GMRESC R3;Compumax Computer ;Campuslands;150000;;;
327;966217823;MO040;Sin serial ;Compumax;Equipo de computo;Mouse;Mouse-Bodg50-9048-900-0044 GMRESC R3;Compumax Computer ;Campuslands;70000;;;
327;966217823;CP041;400SN39203;Compumax;Equipo de computo;CPU;CPU-Bodg50-9048-900-0044 GMRESC R3;Compumax Computer ;Campuslands;2000000;;;
327;966217823;MON041;COM2024CM21070349;Compumax;Equipo de computo;Monitor;Monitor-Bodg50-9048-900-0044 GMRESC R3;Compumax Computer ;Campuslands;300000;;;
327;966217823;TE041;KBM130090743;Compumax;Equipo de computo;Teclado;Teclado-Bodg50-9048-900-0044 GMRESC R3;Compumax Computer ;Campuslands;150000;;;
327;966217823;MO041;Sin serial ;Compumax;Equipo de computo;Mouse;Mouse-Bodg50-9048-900-0044 GMRESC R3;Compumax Computer ;Campuslands;70000;;;
327;966217823;CP042;400SN39201;Compumax;Equipo de computo;CPU;CPU-Bodg50-9048-900-0044 GMRESC R3;Compumax Computer ;Campuslands;2000000;;;
327;966217823;MON042;COM2024CM21070004;Compumax;Equipo de computo;Monitor;Monitor-Bodg50-9048-900-0044 GMRESC R3;Compumax Computer ;Campuslands;300000;;;
327;966217823;TE042;KBM130091710;Compumax;Equipo de computo;Teclado;Teclado-Bodg50-9048-900-0044 GMRESC R3;Compumax Computer ;Campuslands;150000;;;
327;966217823;MO042;Sin serial ;Compumax;Equipo de computo;Mouse;Mouse-Bodg50-9048-900-0044 GMRESC R3;Compumax Computer ;Campuslands;70000;;;
327;966217823;CP043;400SN39207;Compumax;Equipo de computo;CPU;CPU-Bodg50-9048-900-0044 GMRESC R3;Compumax Computer ;Campuslands;2000000;;;
327;966217823;MON043;COM2024CM21070727;Compumax;Equipo de computo;Monitor;Monitor-Bodg50-9048-900-0044 GMRESC R3;Compumax Computer ;Campuslands;300000;;;
327;966217823;TE043;KBM130090728;Compumax;Equipo de computo;Teclado;Teclado-Bodg50-9048-900-0044 GMRESC R3;Compumax Computer ;Campuslands;150000;;;
327;966217823;MO043;Sin serial ;Compumax;Equipo de computo;Mouse;Mouse-Bodg50-9048-900-0044 GMRESC R3;Compumax Computer ;Campuslands;70000;;;
327;966217823;CP044;400SN39170;Compumax;Equipo de computo;CPU;CPU-Bodg50-9048-900-0044 GMRESC R3;Compumax Computer ;Campuslands;2000000;;;
327;966217823;MON044;COM2024CM21070063;Compumax;Equipo de computo;Monitor;Monitor-Bodg50-9048-900-0044 GMRESC R3;Compumax Computer ;Campuslands;300000;;;
327;966217823;TE044;KBM130090729;Compumax;Equipo de computo;Teclado;Teclado-Bodg50-9048-900-0044 GMRESC R3;Compumax Computer ;Campuslands;150000;;;
327;966217823;MO044;Sin serial ;Compumax;Equipo de computo;Mouse;Mouse-Bodg50-9048-900-0044 GMRESC R3;Compumax Computer ;Campuslands;70000;;;
327;966217823;CP045;400SN39193;Compumax;Equipo de computo;CPU;CPU-Bodg50-9048-900-0044 GMRESC R3;Compumax Computer ;Campuslands;2000000;;;
327;966217823;MON045;COM2024CM21070203;Compumax;Equipo de computo;Monitor;Monitor-Bodg50-9048-900-0044 GMRESC R3;Compumax Computer ;Campuslands;300000;;;
327;966217823;TE045;KBM130091734;Compumax;Equipo de computo;Teclado;Teclado-Bodg50-9048-900-0044 GMRESC R3;Compumax Computer ;Campuslands;150000;;;
327;966217823;MO045;Sin serial ;Compumax;Equipo de computo;Mouse;Mouse-Bodg50-9048-900-0044 GMRESC R3;Compumax Computer ;Campuslands;70000;;;
327;966217823;CP046;400SN39213;Compumax;Equipo de computo;CPU;CPU-Bodg50-9048-900-0044 GMRESC R3;Compumax Computer ;Campuslands;2000000;;;
327;966217823;MON046;COM2024CM21070517;Compumax;Equipo de computo;Monitor;Monitor-Bodg50-9048-900-0044 GMRESC R3;Compumax Computer ;Campuslands;300000;;;
327;966217823;TE046;KBM130090735;Compumax;Equipo de computo;Teclado;Teclado-Bodg50-9048-900-0044 GMRESC R3;Compumax Computer ;Campuslands;150000;;;
327;966217823;MO046;Sin serial ;Compumax;Equipo de computo;Mouse;Mouse-Bodg50-9048-900-0044 GMRESC R3;Compumax Computer ;Campuslands;70000;;;
327;966217823;CP047;400SN39197;Compumax;Equipo de computo;CPU;CPU-Bodg50-9048-900-0044 GMRESC R3;Compumax Computer ;Campuslands;2000000;;;
327;966217823;MON047;COM2024CM21070007;Compumax;Equipo de computo;Monitor;Monitor-Bodg50-9048-900-0044 GMRESC R3;Compumax Computer ;Campuslands;300000;;;
327;966217823;TE047;KBM130090734;Compumax;Equipo de computo;Teclado;Teclado-Bodg50-9048-900-0044 GMRESC R3;Compumax Computer ;Campuslands;150000;;;
327;966217823;MO047;Sin serial ;Compumax;Equipo de computo;Mouse;Mouse-Bodg50-9048-900-0044 GMRESC R3;Compumax Computer ;Campuslands;70000;;;
327;966217823;CP048;102SN55078;Compumax;Equipo de computo;CPU;CPU-Bodg50-9048-900-0044 GMRESC R3;Compumax Computer ;Campuslands;2000000;;;
327;966217823;MON048;COM2024CM21070008;Compumax;Equipo de computo;Monitor;Monitor-Bodg50-9048-900-0044 GMRESC R3;Compumax Computer ;Campuslands;300000;;;
327;966217823;TE048;KBM130090750;Compumax;Equipo de computo;Teclado;Teclado-Bodg50-9048-900-0044 GMRESC R3;Compumax Computer ;Campuslands;150000;;;
327;966217823;MO048;Sin serial ;Compumax;Equipo de computo;Mouse;Mouse-Bodg50-9048-900-0044 GMRESC R3;Compumax Computer ;Campuslands;70000;;;
327;966217823;CP049;102SN55085;Compumax;Equipo de computo;CPU;CPU-Bodg50-9048-900-0044 GMRESC R3;Compumax Computer ;Campuslands;2000000;;;
327;966217823;MON049;COM2024CM21070117;Compumax;Equipo de computo;Monitor;Monitor-Bodg50-9048-900-0044 GMRESC R3;Compumax Computer ;Campuslands;300000;;;
327;966217823;TE049;KBM130091713;Compumax;Equipo de computo;Teclado;Teclado-Bodg50-9048-900-0044 GMRESC R3;Compumax Computer ;Campuslands;150000;;;
327;966217823;MO049;Sin serial ;Compumax;Equipo de computo;Mouse;Mouse-Bodg50-9048-900-0044 GMRESC R3;Compumax Computer ;Campuslands;70000;;;
327;966217823;CP050;400SN39233;Compumax;Equipo de computo;CPU;CPU-Bodg50-9048-900-0044 GMRESC R3;Compumax Computer ;Campuslands;2000000;;;
327;966217823;MON050;COM2024CM21070277;Compumax;Equipo de computo;Monitor;Monitor-Bodg50-9048-900-0044 GMRESC R3;Compumax Computer ;Campuslands;300000;;;
327;966217823;TE050;KBM130090713;Compumax;Equipo de computo;Teclado;Teclado-Bodg50-9048-900-0044 GMRESC R3;Compumax Computer ;Campuslands;150000;;;
327;966217823;MO050;Sin serial ;Compumax;Equipo de computo;Mouse;Mouse-Bodg50-9048-900-0044 GMRESC R3;Compumax Computer ;Campuslands;70000;;;
327;966217823;CP051;102SN55082;Compumax;Equipo de computo;CPU;CPU-Bodg50-9048-900-0044 GMRESC R3;Compumax Computer ;Campuslands;2000000;;;
327;966217823;MON051;COM2024CM21070406;Compumax;Equipo de computo;Monitor;Monitor-Bodg50-9048-900-0044 GMRESC R3;Compumax Computer ;Campuslands;300000;;;
327;966217823;TE051;KBM130091712;Compumax;Equipo de computo;Teclado;Teclado-Bodg50-9048-900-0044 GMRESC R3;Compumax Computer ;Campuslands;150000;;;
327;966217823;MO051;Sin serial ;Compumax;Equipo de computo;Mouse;Mouse-Bodg50-9048-900-0044 GMRESC R3;Compumax Computer ;Campuslands;70000;;;
327;966217823;CP052;102SN55101;Compumax;Equipo de computo;CPU;CPU-Bodg50-9048-900-0044 GMRESC R3;Compumax Computer ;Campuslands;2000000;;;
327;966217823;MON052;COM2024CM21070557;Compumax;Equipo de computo;Monitor;Monitor-Bodg50-9048-900-0044 GMRESC R3;Compumax Computer ;Campuslands;300000;;;
327;966217823;TE052;KBM130091711;Compumax;Equipo de computo;Teclado;Teclado-Bodg50-9048-900-0044 GMRESC R3;Compumax Computer ;Campuslands;150000;;;
327;966217823;MO052;Sin serial ;Compumax;Equipo de computo;Mouse;Mouse-Bodg50-9048-900-0044 GMRESC R3;Compumax Computer ;Campuslands;70000;;;
327;966217823;CP053;400SN39192;Compumax;Equipo de computo;CPU;CPU-Bodg50-9048-900-0044 GMRESC R3;Compumax Computer ;Campuslands;2000000;;;
327;966217823;MON053;COM2024CM21070853;Compumax;Equipo de computo;Monitor;Monitor-Bodg50-9048-900-0044 GMRESC R3;Compumax Computer ;Campuslands;300000;;;
327;966217823;TE053;KBM130090712;Compumax;Equipo de computo;Teclado;Teclado-Bodg50-9048-900-0044 GMRESC R3;Compumax Computer ;Campuslands;150000;;;
327;966217823;MO053;Sin serial ;Compumax;Equipo de computo;Mouse;Mouse-Bodg50-9048-900-0044 GMRESC R3;Compumax Computer ;Campuslands;70000;;;
327;966217823;CP054;400SN39181;Compumax;Equipo de computo;CPU;CPU-Bodg50-9048-900-0044 GMRESC R3;Compumax Computer ;Campuslands;2000000;;;
327;966217823;MON054;COM2024CM21070893;Compumax;Equipo de computo;Monitor;Monitor-Bodg50-9048-900-0044 GMRESC R3;Compumax Computer ;Campuslands;300000;;;
327;966217823;TE054;KBM130090711;Compumax;Equipo de computo;Teclado;Teclado-Bodg50-9048-900-0044 GMRESC R3;Compumax Computer ;Campuslands;150000;;;
327;966217823;MO054;Sin serial ;Compumax;Equipo de computo;Mouse;Mouse-Bodg50-9048-900-0044 GMRESC R3;Compumax Computer ;Campuslands;70000;;;
327;966217823;CP055;400SN39195;Compumax;Equipo de computo;CPU;CPU-Bodg50-9048-900-0044 GMRESC R3;Compumax Computer ;Campuslands;2000000;;;
327;966217823;MON055;COM2024CM21070898;Compumax;Equipo de computo;Monitor;Monitor-Bodg50-9048-900-0044 GMRESC R3;Compumax Computer ;Campuslands;300000;;;
327;966217823;TE055;KBM130091741;Compumax;Equipo de computo;Teclado;Teclado-Bodg50-9048-900-0044 GMRESC R3;Compumax Computer ;Campuslands;150000;;;
327;966217823;MO055;Sin serial ;Compumax;Equipo de computo;Mouse;Mouse-Bodg50-9048-900-0044 GMRESC R3;Compumax Computer ;Campuslands;70000;;;
327;966217823;CP056;400SN39232;Compumax;Equipo de computo;CPU;CPU-Bodg50-9048-900-0044 GMRESC R3;Compumax Computer ;Campuslands;2000000;;;
327;966217823;MON056;COM2024CM21070400;Compumax;Equipo de computo;Monitor;Monitor-Bodg50-9048-900-0044 GMRESC R3;Compumax Computer ;Campuslands;300000;;;
327;966217823;TE056;KBM130091740;Compumax;Equipo de computo;Teclado;Teclado-Bodg50-9048-900-0044 GMRESC R3;Compumax Computer ;Campuslands;150000;;;
327;966217823;MO056;Sin serial ;Compumax;Equipo de computo;Mouse;Mouse-Bodg50-9048-900-0044 GMRESC R3;Compumax Computer ;Campuslands;70000;;;
327;966217823;CP057;400SN39231;Compumax;Equipo de computo;CPU;CPU-Bodg50-9048-900-0044 GMRESC R3;Compumax Computer ;Campuslands;2000000;;;
327;966217823;MON057;COM2024CM21070761;Compumax;Equipo de computo;Monitor;Monitor-Bodg50-9048-900-0044 GMRESC R3;Compumax Computer ;Campuslands;300000;;;
327;966217823;TE057;KBM130090739;Compumax;Equipo de computo;Teclado;Teclado-Bodg50-9048-900-0044 GMRESC R3;Compumax Computer ;Campuslands;150000;;;
327;966217823;MO057;Sin serial ;Compumax;Equipo de computo;Mouse;Mouse-Bodg50-9048-900-0044 GMRESC R3;Compumax Computer ;Campuslands;70000;;;
327;966217823;CP058;400SN39171;Compumax;Equipo de computo;CPU;CPU-Bodg50-9048-900-0044 GMRESC R3;Compumax Computer ;Campuslands;2000000;;;
327;966217823;MON058;COM2024CM21070534;Compumax;Equipo de computo;Monitor;Monitor-Bodg50-9048-900-0044 GMRESC R3;Compumax Computer ;Campuslands;300000;;;
327;966217823;TE058;KBM130090741;Compumax;Equipo de computo;Teclado;Teclado-Bodg50-9048-900-0044 GMRESC R3;Compumax Computer ;Campuslands;150000;;;
327;966217823;MO058;Sin serial ;Compumax;Equipo de computo;Mouse;Mouse-Bodg50-9048-900-0044 GMRESC R3;Compumax Computer ;Campuslands;70000;;;
327;966217823;CP059;400SN39220;Compumax;Equipo de computo;CPU;CPU-Bodg50-9048-900-0044 GMRESC R3;Compumax Computer ;Campuslands;2000000;;;
327;966217823;MON059;COM2024CM21070017;Compumax;Equipo de computo;Monitor;Monitor-Bodg50-9048-900-0044 GMRESC R3;Compumax Computer ;Campuslands;300000;;;
327;966217823;TE059;KBM130091750;Compumax;Equipo de computo;Teclado;Teclado-Bodg50-9048-900-0044 GMRESC R3;Compumax Computer ;Campuslands;150000;;;
327;966217823;MO059;Sin serial ;Compumax;Equipo de computo;Mouse;Mouse-Bodg50-9048-900-0044 GMRESC R3;Compumax Computer ;Campuslands;70000;;;
327;966217823;CP060;102SN55100;Compumax;Equipo de computo;CPU;CPU-Bodg50-9048-900-0044 GMRESC R3;Compumax Computer ;Campuslands;2000000;;;
327;966217823;MON060;COM2024CM21070281;Compumax;Equipo de computo;Monitor;Monitor-Bodg50-9048-900-0044 GMRESC R3;Compumax Computer ;Campuslands;300000;;;
327;966217823;TE060;KBM130091749;Compumax;Equipo de computo;Teclado;Teclado-Bodg50-9048-900-0044 GMRESC R3;Compumax Computer ;Campuslands;150000;;;
327;966217823;MO060;Sin serial ;Compumax;Equipo de computo;Mouse;Mouse-Bodg50-9048-900-0044 GMRESC R3;Compumax Computer ;Campuslands;70000;;;
327;966217823;CP061;400SN39236;Compumax;Equipo de computo;CPU;CPU-Bodg50-9048-900-0044 GMRESC R3;Compumax Computer ;Campuslands;2000000;;;
327;966217823;MON061;COM2024CM21070205;Compumax;Equipo de computo;Monitor;Monitor-Bodg50-9048-900-0044 GMRESC R3;Compumax Computer ;Campuslands;300000;;;
327;966217823;TE061;KBM130090740;Compumax;Equipo de computo;Teclado;Teclado-Bodg50-9048-900-0044 GMRESC R3;Compumax Computer ;Campuslands;150000;;;
327;966217823;MO061;Sin serial ;Compumax;Equipo de computo;Mouse;Mouse-Bodg50-9048-900-0044 GMRESC R3;Compumax Computer ;Campuslands;70000;;;
327;966217823;CP062;400SN39216;Compumax;Equipo de computo;CPU;CPU-Bodg50-9048-900-0044 GMRESC R3;Compumax Computer ;Campuslands;2000000;;;
327;966217823;MON062;COM2024CM21070041;Compumax;Equipo de computo;Monitor;Monitor-Bodg50-9048-900-0044 GMRESC R3;Compumax Computer ;Campuslands;300000;;;
327;966217823;TE062;KBM130091728;Compumax;Equipo de computo;Teclado;Teclado-Bodg50-9048-900-0044 GMRESC R3;Compumax Computer ;Campuslands;150000;;;
327;966217823;MO062;Sin serial ;Compumax;Equipo de computo;Mouse;Mouse-Bodg50-9048-900-0044 GMRESC R3;Compumax Computer ;Campuslands;70000;;;
327;966217823;CP063;400SN39176;Compumax;Equipo de computo;CPU;CPU-Bodg50-9048-900-0044 GMRESC R3;Compumax Computer ;Campuslands;2000000;;;
327;966217823;MON063;COM2024CM21070712;Compumax;Equipo de computo;Monitor;Monitor-Bodg50-9048-900-0044 GMRESC R3;Compumax Computer ;Campuslands;300000;;;
327;966217823;TE063;KBM130090727;Compumax;Equipo de computo;Teclado;Teclado-Bodg50-9048-900-0044 GMRESC R3;Compumax Computer ;Campuslands;150000;;;
327;966217823;MO063;Sin serial ;Compumax;Equipo de computo;Mouse;Mouse-Bodg50-9048-900-0044 GMRESC R3;Compumax Computer ;Campuslands;70000;;;
327;966217823;CP064;102SN55077;Compumax;Equipo de computo;CPU;CPU-Bodg50-9048-900-0044 GMRESC R3;Compumax Computer ;Campuslands;2000000;;;
327;966217823;MON064;COM2024CM21070129;Compumax;Equipo de computo;Monitor;Monitor-Bodg50-9048-900-0044 GMRESC R3;Compumax Computer ;Campuslands;300000;;;
327;966217823;TE064;KBM130091727;Compumax;Equipo de computo;Teclado;Teclado-Bodg50-9048-900-0044 GMRESC R3;Compumax Computer ;Campuslands;150000;;;
327;966217823;MO064;Sin serial ;Compumax;Equipo de computo;Mouse;Mouse-Bodg50-9048-900-0044 GMRESC R3;Compumax Computer ;Campuslands;70000;;;
327;966217823;CP065;400SN39211;Compumax;Equipo de computo;CPU;CPU-Bodg50-9048-900-0044 GMRESC R3;Compumax Computer ;Campuslands;2000000;;;
327;966217823;MON065;COM2024CM21070140;Compumax;Equipo de computo;Monitor;Monitor-Bodg50-9048-900-0044 GMRESC R3;Compumax Computer ;Campuslands;300000;;;
327;966217823;TE065;KBM130091726;Compumax;Equipo de computo;Teclado;Teclado-Bodg50-9048-900-0044 GMRESC R3;Compumax Computer ;Campuslands;150000;;;
327;966217823;MO065;Sin serial ;Compumax;Equipo de computo;Mouse;Mouse-Bodg50-9048-900-0044 GMRESC R3;Compumax Computer ;Campuslands;70000;;;
327;966217823;CP066;400SN39219;Compumax;Equipo de computo;CPU;CPU-Bodg50-9048-900-0044 GMRESC R3;Compumax Computer ;Campuslands;2000000;;;
327;966217823;MON066;COM2024CM21070316;Compumax;Equipo de computo;Monitor;Monitor-Bodg50-9048-900-0044 GMRESC R3;Compumax Computer ;Campuslands;300000;;;
327;966217823;TE066;KBM130090725;Compumax;Equipo de computo;Teclado;Teclado-Bodg50-9048-900-0044 GMRESC R3;Compumax Computer ;Campuslands;150000;;;
327;966217823;MO066;Sin serial ;Compumax;Equipo de computo;Mouse;Mouse-Bodg50-9048-900-0044 GMRESC R3;Compumax Computer ;Campuslands;70000;;;
327;966217823;CP067;102SN55093;Compumax;Equipo de computo;CPU;CPU-Bodg50-9048-900-0044 GMRESC R3;Compumax Computer ;Campuslands;2000000;;;
327;966217823;MON067;COM2024CM21070153;Compumax;Equipo de computo;Monitor;Monitor-Bodg50-9048-900-0044 GMRESC R3;Compumax Computer ;Campuslands;300000;;;
327;966217823;TE067;KBM130090726;Compumax;Equipo de computo;Teclado;Teclado-Bodg50-9048-900-0044 GMRESC R3;Compumax Computer ;Campuslands;150000;;;
327;966217823;MO067;Sin serial ;Compumax;Equipo de computo;Mouse;Mouse-Bodg50-9048-900-0044 GMRESC R3;Compumax Computer ;Campuslands;70000;;;
327;966217823;CP068;400SN39210;Compumax;Equipo de computo;CPU;CPU-Bodg50-9048-900-0044 GMRESC R3;Compumax Computer ;Campuslands;2000000;;;
327;966217823;MON068;COM2024CM21070744;Compumax;Equipo de computo;Monitor;Monitor-Bodg50-9048-900-0044 GMRESC R3;Compumax Computer ;Campuslands;300000;;;
327;966217823;TE068;KBM130091752;Compumax;Equipo de computo;Teclado;Teclado-Bodg50-9048-900-0044 GMRESC R3;Compumax Computer ;Campuslands;150000;;;
327;966217823;MO068;Sin serial ;Compumax;Equipo de computo;Mouse;Mouse-Bodg50-9048-900-0044 GMRESC R3;Compumax Computer ;Campuslands;70000;;;
327;966217823;CP069;400SN39168;Compumax;Equipo de computo;CPU;CPU-Bodg50-9048-900-0044 GMRESC R3;Compumax Computer ;Campuslands;2000000;;;
327;966217823;MON069;COM2024CM21070830;Compumax;Equipo de computo;Monitor;Monitor-Bodg50-9048-900-0044 GMRESC R3;Compumax Computer ;Campuslands;300000;;;
327;966217823;TE069;KBM130090753;Compumax;Equipo de computo;Teclado;Teclado-Bodg50-9048-900-0044 GMRESC R3;Compumax Computer ;Campuslands;150000;;;
327;966217823;MO069;Sin serial ;Compumax;Equipo de computo;Mouse;Mouse-Bodg50-9048-900-0044 GMRESC R3;Compumax Computer ;Campuslands;70000;;;
327;966217823;CP070;400SN39191;Compumax;Equipo de computo;CPU;CPU-Bodg50-9048-900-0044 GMRESC R3;Compumax Computer ;Campuslands;2000000;;;
327;966217823;MON070;COM2024CM21070407;Compumax;Equipo de computo;Monitor;Monitor-Bodg50-9048-900-0044 GMRESC R3;Compumax Computer ;Campuslands;300000;;;
327;966217823;TE070;KBM130091753;Compumax;Equipo de computo;Teclado;Teclado-Bodg50-9048-900-0044 GMRESC R3;Compumax Computer ;Campuslands;150000;;;
327;966217823;MO070;Sin serial ;Compumax;Equipo de computo;Mouse;Mouse-Bodg50-9048-900-0044 GMRESC R3;Compumax Computer ;Campuslands;70000;;;
327;966217823;CP071;102SN55080;Compumax;Equipo de computo;CPU;CPU-Bodg50-9048-900-0044 GMRESC R3;Compumax Computer ;Campuslands;2000000;;;
327;966217823;MON071;COM2024CM21070498;Compumax;Equipo de computo;Monitor;Monitor-Bodg50-9048-900-0044 GMRESC R3;Compumax Computer ;Campuslands;300000;;;
327;966217823;TE071;KBM130090722;Compumax;Equipo de computo;Teclado;Teclado-Bodg50-9048-900-0044 GMRESC R3;Compumax Computer ;Campuslands;150000;;;
327;966217823;MO071;Sin serial ;Compumax;Equipo de computo;Mouse;Mouse-Bodg50-9048-900-0044 GMRESC R3;Compumax Computer ;Campuslands;70000;;;
327;966217823;CP072;400SN39221;Compumax;Equipo de computo;CPU;CPU-Bodg50-9048-900-0044 GMRESC R3;Compumax Computer ;Campuslands;2000000;;;
327;966217823;MON072;COM2024CM21070464;Compumax;Equipo de computo;Monitor;Monitor-Bodg50-9048-900-0044 GMRESC R3;Compumax Computer ;Campuslands;300000;;;
327;966217823;TE072;KBM130090723;Compumax;Equipo de computo;Teclado;Teclado-Bodg50-9048-900-0044 GMRESC R3;Compumax Computer ;Campuslands;150000;;;
327;966217823;MO072;Sin serial ;Compumax;Equipo de computo;Mouse;Mouse-Bodg50-9048-900-0044 GMRESC R3;Compumax Computer ;Campuslands;70000;;;
327;966217823;CP073;400SN39230;Compumax;Equipo de computo;CPU;CPU-Bodg50-9048-900-0044 GMRESC R3;Compumax Computer ;Campuslands;2000000;;;
327;966217823;MON073;COM2024CM21070504;Compumax;Equipo de computo;Monitor;Monitor-Bodg50-9048-900-0044 GMRESC R3;Compumax Computer ;Campuslands;300000;;;
327;966217823;TE073;KBM130091725;Compumax;Equipo de computo;Teclado;Teclado-Bodg50-9048-900-0044 GMRESC R3;Compumax Computer ;Campuslands;150000;;;
327;966217823;MO073;Sin serial ;Compumax;Equipo de computo;Mouse;Mouse-Bodg50-9048-900-0044 GMRESC R3;Compumax Computer ;Campuslands;70000;;;
327;966217823;CP074;102SN55089;Compumax;Equipo de computo;CPU;CPU-Bodg50-9048-900-0044 GMRESC R3;Compumax Computer ;Campuslands;2000000;;;
327;966217823;MON074;COM2024CM21070338;Compumax;Equipo de computo;Monitor;Monitor-Bodg50-9048-900-0044 GMRESC R3;Compumax Computer ;Campuslands;300000;;;
327;966217823;TE074;KBM130091737;Compumax;Equipo de computo;Teclado;Teclado-Bodg50-9048-900-0044 GMRESC R3;Compumax Computer ;Campuslands;150000;;;
327;966217823;MO074;Sin serial ;Compumax;Equipo de computo;Mouse;Mouse-Bodg50-9048-900-0044 GMRESC R3;Compumax Computer ;Campuslands;70000;;;
327;966217823;CP075;400SN39202;Compumax;Equipo de computo;CPU;CPU-Bodg50-9048-900-0044 GMRESC R3;Compumax Computer ;Campuslands;2000000;;;
327;966217823;MON075;COM2024CM21070759;Compumax;Equipo de computo;Monitor;Monitor-Bodg50-9048-900-0044 GMRESC R3;Compumax Computer ;Campuslands;300000;;;
327;966217823;TE075;KBM130091702;Compumax;Equipo de computo;Teclado;Teclado-Bodg50-9048-900-0044 GMRESC R3;Compumax Computer ;Campuslands;150000;;;
327;966217823;MO075;Sin serial ;Compumax;Equipo de computo;Mouse;Mouse-Bodg50-9048-900-0044 GMRESC R3;Compumax Computer ;Campuslands;70000;;;
327;966217823;CP076;102SN55088;Compumax;Equipo de computo;CPU;CPU-Bodg50-9048-900-0044 GMRESC R3;Compumax Computer ;Campuslands;2000000;;;
327;966217823;MON076;COM2024CM21070817;Compumax;Equipo de computo;Monitor;Monitor-Bodg50-9048-900-0044 GMRESC R3;Compumax Computer ;Campuslands;300000;;;
327;966217823;TE076;KBM130090737;Compumax;Equipo de computo;Teclado;Teclado-Bodg50-9048-900-0044 GMRESC R3;Compumax Computer ;Campuslands;150000;;;
327;966217823;MO076;Sin serial ;Compumax;Equipo de computo;Mouse;Mouse-Bodg50-9048-900-0044 GMRESC R3;Compumax Computer ;Campuslands;70000;;;
327;966217823;CP077;400SN39226;Compumax;Equipo de computo;CPU;CPU-Bodg50-9048-900-0044 GMRESC R3;Compumax Computer ;Campuslands;2000000;;;
327;966217823;MON077;COM2024CM21070280;Compumax;Equipo de computo;Monitor;Monitor-Bodg50-9048-900-0044 GMRESC R3;Compumax Computer ;Campuslands;300000;;;
327;966217823;TE077;KBM130090706;Compumax;Equipo de computo;Teclado;Teclado-Bodg50-9048-900-0044 GMRESC R3;Compumax Computer ;Campuslands;150000;;;
327;966217823;MO077;Sin serial ;Compumax;Equipo de computo;Mouse;Mouse-Bodg50-9048-900-0044 GMRESC R3;Compumax Computer ;Campuslands;70000;;;
327;966217823;CP078;400SN39235;Compumax;Equipo de computo;CPU;CPU-Bodg50-9048-900-0044 GMRESC R3;Compumax Computer ;Campuslands;2000000;;;
327;966217823;MON078;COM2024CM21070668;Compumax;Equipo de computo;Monitor;Monitor-Bodg50-9048-900-0044 GMRESC R3;Compumax Computer ;Campuslands;300000;;;
327;966217823;TE078;KBM130090707;Compumax;Equipo de computo;Teclado;Teclado-Bodg50-9048-900-0044 GMRESC R3;Compumax Computer ;Campuslands;150000;;;
327;966217823;MO078;Sin serial ;Compumax;Equipo de computo;Mouse;Mouse-Bodg50-9048-900-0044 GMRESC R3;Compumax Computer ;Campuslands;70000;;;
327;966217823;CP079;400SN39188;Compumax;Equipo de computo;CPU;CPU-Bodg50-9048-900-0044 GMRESC R3;Compumax Computer ;Campuslands;2000000;;;
327;966217823;MON079;COM2024CM21070138;Compumax;Equipo de computo;Monitor;Monitor-Bodg50-9048-900-0044 GMRESC R3;Compumax Computer ;Campuslands;300000;;;
327;966217823;TE079;KBM130091729;Compumax;Equipo de computo;Teclado;Teclado-Bodg50-9048-900-0044 GMRESC R3;Compumax Computer ;Campuslands;150000;;;
327;966217823;MO079;Sin serial ;Compumax;Equipo de computo;Mouse;Mouse-Bodg50-9048-900-0044 GMRESC R3;Compumax Computer ;Campuslands;70000;;;
327;966217823;CP080;400SN39209;Compumax;Equipo de computo;CPU;CPU-Bodg50-9048-900-0044 GMRESC R3;Compumax Computer ;Campuslands;2000000;;;
327;966217823;MON080;COM2024CM21070451;Compumax;Equipo de computo;Monitor;Monitor-Bodg50-9048-900-0044 GMRESC R3;Compumax Computer ;Campuslands;300000;;;
327;966217823;TE080;KBM130090730;Compumax;Equipo de computo;Teclado;Teclado-Bodg50-9048-900-0044 GMRESC R3;Compumax Computer ;Campuslands;150000;;;
327;966217823;MO080;Sin serial ;Compumax;Equipo de computo;Mouse;Mouse-Bodg50-9048-900-0044 GMRESC R3;Compumax Computer ;Campuslands;70000;;;
327;966217823;CP081;102SN55110;Compumax;Equipo de computo;CPU;CPU-Bodg50-9048-900-0044 GMRESC R3;Compumax Computer ;Campuslands;2000000;;;
327;966217823;MON081;COM2024CM21070012;Compumax;Equipo de computo;Monitor;Monitor-Bodg50-9048-900-0044 GMRESC R3;Compumax Computer ;Campuslands;300000;;;
327;966217823;TE081;KBM130091730;Compumax;Equipo de computo;Teclado;Teclado-Bodg50-9048-900-0044 GMRESC R3;Compumax Computer ;Campuslands;150000;;;
327;966217823;MO081;Sin serial ;Compumax;Equipo de computo;Mouse;Mouse-Bodg50-9048-900-0044 GMRESC R3;Compumax Computer ;Campuslands;70000;;;
327;966217823;CP082;102SN55109;Compumax;Equipo de computo;CPU;CPU-Bodg50-9048-900-0044 GMRESC R3;Compumax Computer ;Campuslands;2000000;;;
327;966217823;MON082;COM2024CM21070786;Compumax;Equipo de computo;Monitor;Monitor-Bodg50-9048-900-0044 GMRESC R3;Compumax Computer ;Campuslands;300000;;;
327;966217823;TE082;KBM130090296;Compumax;Equipo de computo;Teclado;Teclado-Bodg50-9048-900-0044 GMRESC R3;Compumax Computer ;Campuslands;150000;;;
327;966217823;MO082;Sin serial ;Compumax;Equipo de computo;Mouse;Mouse-Bodg50-9048-900-0044 GMRESC R3;Compumax Computer ;Campuslands;70000;;;
327;966217823;CP083;102SN55103;Compumax;Equipo de computo;CPU;CPU-Bodg50-9048-900-0044 GMRESC R3;Compumax Computer ;Campuslands;2000000;;;
327;966217823;MON083;COM2024CM21070515;Compumax;Equipo de computo;Monitor;Monitor-Bodg50-9048-900-0044 GMRESC R3;Compumax Computer ;Campuslands;300000;;;
327;966217823;TE083;KBM130090724;Compumax;Equipo de computo;Teclado;Teclado-Bodg50-9048-900-0044 GMRESC R3;Compumax Computer ;Campuslands;150000;;;
327;966217823;MO083;Sin serial ;Compumax;Equipo de computo;Mouse;Mouse-Bodg50-9048-900-0044 GMRESC R3;Compumax Computer ;Campuslands;70000;;;
327;966217823;CP084;400SN39222;Compumax;Equipo de computo;CPU;CPU-Bodg50-9048-900-0044 GMRESC R3;Compumax Computer ;Campuslands;2000000;;;
327;966217823;MON084;COM2024CM21070386;Compumax;Equipo de computo;Monitor;Monitor-Bodg50-9048-900-0044 GMRESC R3;Compumax Computer ;Campuslands;300000;;;
327;966217823;TE084;KBM130091724;Compumax;Equipo de computo;Teclado;Teclado-Bodg50-9048-900-0044 GMRESC R3;Compumax Computer ;Campuslands;150000;;;
327;966217823;MO084;Sin serial ;Compumax;Equipo de computo;Mouse;Mouse-Bodg50-9048-900-0044 GMRESC R3;Compumax Computer ;Campuslands;70000;;;
327;966217823;CP085;102SN55090;Compumax;Equipo de computo;CPU;CPU-Bodg50-9048-900-0044 GMRESC R3;Compumax Computer ;Campuslands;2000000;;;
327;966217823;MON085;COM2024CM21070777;Compumax;Equipo de computo;Monitor;Monitor-Bodg50-9048-900-0044 GMRESC R3;Compumax Computer ;Campuslands;300000;;;
327;966217823;TE085;KBM130091723;Compumax;Equipo de computo;Teclado;Teclado-Bodg50-9048-900-0044 GMRESC R3;Compumax Computer ;Campuslands;150000;;;
327;966217823;MO085;Sin serial ;Compumax;Equipo de computo;Mouse;Mouse-Bodg50-9048-900-0044 GMRESC R3;Compumax Computer ;Campuslands;70000;;;
327;966217823;CP086;102SN55076;Compumax;Equipo de computo;CPU;CPU-Bodg50-9048-900-0044 GMRESC R3;Compumax Computer ;Campuslands;2000000;;;
327;966217823;MON086;COM2024CM21070025;Compumax;Equipo de computo;Monitor;Monitor-Bodg50-9048-900-0044 GMRESC R3;Compumax Computer ;Campuslands;300000;;;
327;966217823;TE086;KBM130091720;Compumax;Equipo de computo;Teclado;Teclado-Bodg50-9048-900-0044 GMRESC R3;Compumax Computer ;Campuslands;150000;;;
327;966217823;MO086;Sin serial ;Compumax;Equipo de computo;Mouse;Mouse-Bodg50-9048-900-0044 GMRESC R3;Compumax Computer ;Campuslands;70000;;;
327;966217823;CP087;400SN39225;Compumax;Equipo de computo;CPU;CPU-Bodg50-9048-900-0044 GMRESC R3;Compumax Computer ;Campuslands;2000000;;;
327;966217823;MON087;COM2024CM21070137;Compumax;Equipo de computo;Monitor;Monitor-Bodg50-9048-900-0044 GMRESC R3;Compumax Computer ;Campuslands;300000;;;
327;966217823;TE087;KBM130090747;Compumax;Equipo de computo;Teclado;Teclado-Bodg50-9048-900-0044 GMRESC R3;Compumax Computer ;Campuslands;150000;;;
327;966217823;MO087;Sin serial ;Compumax;Equipo de computo;Mouse;Mouse-Bodg50-9048-900-0044 GMRESC R3;Compumax Computer ;Campuslands;70000;;;
327;966217823;CP088;102SN55094;Compumax;Equipo de computo;CPU;CPU-Bodg50-9048-900-0044 GMRESC R3;Compumax Computer ;Campuslands;2000000;;;
327;966217823;MON088;COM2024CM21070565;Compumax;Equipo de computo;Monitor;Monitor-Bodg50-9048-900-0044 GMRESC R3;Compumax Computer ;Campuslands;300000;;;
327;966217823;TE088;KBM130091736;Compumax;Equipo de computo;Teclado;Teclado-Bodg50-9048-900-0044 GMRESC R3;Compumax Computer ;Campuslands;150000;;;
327;966217823;MO088;Sin serial ;Compumax;Equipo de computo;Mouse;Mouse-Bodg50-9048-900-0044 GMRESC R3;Compumax Computer ;Campuslands;70000;;;
327;966217823;CP089;400SN39228;Compumax;Equipo de computo;CPU;CPU-Bodg50-9048-900-0044 GMRESC R3;Compumax Computer ;Campuslands;2000000;;;
327;966217823;MON089;COM2024CM21070574;Compumax;Equipo de computo;Monitor;Monitor-Bodg50-9048-900-0044 GMRESC R3;Compumax Computer ;Campuslands;300000;;;
327;966217823;TE089;KBM130090721;Compumax;Equipo de computo;Teclado;Teclado-Bodg50-9048-900-0044 GMRESC R3;Compumax Computer ;Campuslands;150000;;;
327;966217823;MO089;Sin serial ;Compumax;Equipo de computo;Mouse;Mouse-Bodg50-9048-900-0044 GMRESC R3;Compumax Computer ;Campuslands;70000;;;
327;966217823;CP090;400SN39205;Compumax;Equipo de computo;CPU;CPU-Bodg50-9048-900-0044 GMRESC R3;Compumax Computer ;Campuslands;2000000;;;
327;966217823;MON090;COM2024CM21070092;Compumax;Equipo de computo;Monitor;Monitor-Bodg50-9048-900-0044 GMRESC R3;Compumax Computer ;Campuslands;300000;;;
327;966217823;TE090;KBM130090720;Compumax;Equipo de computo;Teclado;Teclado-Bodg50-9048-900-0044 GMRESC R3;Compumax Computer ;Campuslands;150000;;;
327;966217823;MO090;Sin serial ;Compumax;Equipo de computo;Mouse;Mouse-Bodg50-9048-900-0044 GMRESC R3;Compumax Computer ;Campuslands;70000;;;
327;966217823;CP091;102SN55087;Compumax;Equipo de computo;CPU;CPU-Bodg50-9048-900-0044 GMRESC R3;Compumax Computer ;Campuslands;2000000;;;
327;966217823;MON091;COM2024CM21070318;Compumax;Equipo de computo;Monitor;Monitor-Bodg50-9048-900-0044 GMRESC R3;Compumax Computer ;Campuslands;300000;;;
327;966217823;TE091;KBM130091722;Compumax;Equipo de computo;Teclado;Teclado-Bodg50-9048-900-0044 GMRESC R3;Compumax Computer ;Campuslands;150000;;;
327;966217823;MO091;Sin serial ;Compumax;Equipo de computo;Mouse;Mouse-Bodg50-9048-900-0044 GMRESC R3;Compumax Computer ;Campuslands;70000;;;
327;966217823;CP092;400SN39177;Compumax;Equipo de computo;CPU;CPU-Bodg50-9048-900-0044 GMRESC R3;Compumax Computer ;Campuslands;2000000;;;
327;966217823;MON092;COM2024CM21070834;Compumax;Equipo de computo;Monitor;Monitor-Bodg50-9048-900-0044 GMRESC R3;Compumax Computer ;Campuslands;300000;;;
327;966217823;TE092;KBM130091721;Compumax;Equipo de computo;Teclado;Teclado-Bodg50-9048-900-0044 GMRESC R3;Compumax Computer ;Campuslands;150000;;;
327;966217823;MO092;Sin serial ;Compumax;Equipo de computo;Mouse;Mouse-Bodg50-9048-900-0044 GMRESC R3;Compumax Computer ;Campuslands;70000;;;
327;966217823;CP093;102SN55102;Compumax;Equipo de computo;CPU;CPU-Bodg50-9048-900-0044 GMRESC R3;Compumax Computer ;Campuslands;2000000;;;
327;966217823;MON093;COM2024CM21070199;Compumax;Equipo de computo;Monitor;Monitor-Bodg50-9048-900-0044 GMRESC R3;Compumax Computer ;Campuslands;300000;;;
327;966217823;TE093;KBM130090736;Compumax;Equipo de computo;Teclado;Teclado-Bodg50-9048-900-0044 GMRESC R3;Compumax Computer ;Campuslands;150000;;;
327;966217823;MO093;Sin serial ;Compumax;Equipo de computo;Mouse;Mouse-Bodg50-9048-900-0044 GMRESC R3;Compumax Computer ;Campuslands;70000;;;
327;966217823;CP094;400SN39234;Compumax;Equipo de computo;CPU;CPU-Bodg50-9048-900-0044 GMRESC R3;Compumax Computer ;Campuslands;2000000;;;
327;966217823;MON094;COM2024CM21070503;Compumax;Equipo de computo;Monitor;Monitor-Bodg50-9048-900-0044 GMRESC R3;Compumax Computer ;Campuslands;300000;;;
327;966217823;TE094;KBM130091738;Compumax;Equipo de computo;Teclado;Teclado-Bodg50-9048-900-0044 GMRESC R3;Compumax Computer ;Campuslands;150000;;;
327;966217823;MO094;Sin serial ;Compumax;Equipo de computo;Mouse;Mouse-Bodg50-9048-900-0044 GMRESC R3;Compumax Computer ;Campuslands;70000;;;
327;966217823;CP095;400SN39174;Compumax;Equipo de computo;CPU;CPU-Bodg50-9048-900-0044 GMRESC R3;Compumax Computer ;Campuslands;2000000;;;
327;966217823;MON095;COM2024CM21070236;Compumax;Equipo de computo;Monitor;Monitor-Bodg50-9048-900-0044 GMRESC R3;Compumax Computer ;Campuslands;300000;;;
327;966217823;TE095;KBM130090702;Compumax;Equipo de computo;Teclado;Teclado-Bodg50-9048-900-0044 GMRESC R3;Compumax Computer ;Campuslands;150000;;;
327;966217823;MO095;Sin serial ;Compumax;Equipo de computo;Mouse;Mouse-Bodg50-9048-900-0044 GMRESC R3;Compumax Computer ;Campuslands;70000;;;
327;966217823;CP096;102SN55095;Compumax;Equipo de computo;CPU;CPU-Bodg50-9048-900-0044 GMRESC R3;Compumax Computer ;Campuslands;2000000;;;
327;966217823;MON096;COM2024CM21070097;Compumax;Equipo de computo;Monitor;Monitor-Bodg50-9048-900-0044 GMRESC R3;Compumax Computer ;Campuslands;300000;;;
327;966217823;TE096;KBM130091745;Compumax;Equipo de computo;Teclado;Teclado-Bodg50-9048-900-0044 GMRESC R3;Compumax Computer ;Campuslands;150000;;;
327;966217823;MO096;Sin serial ;Compumax;Equipo de computo;Mouse;Mouse-Bodg50-9048-900-0044 GMRESC R3;Compumax Computer ;Campuslands;70000;;;
327;966217823;CP097;102SN55086;Compumax;Equipo de computo;CPU;CPU-Bodg50-9048-900-0044 GMRESC R3;Compumax Computer ;Campuslands;2000000;;;
327;966217823;MON097;COM2024CM21070239;Compumax;Equipo de computo;Monitor;Monitor-Bodg50-9048-900-0044 GMRESC R3;Compumax Computer ;Campuslands;300000;;;
327;966217823;TE097;KBM130090746;Compumax;Equipo de computo;Teclado;Teclado-Bodg50-9048-900-0044 GMRESC R3;Compumax Computer ;Campuslands;150000;;;
327;966217823;MO097;Sin serial ;Compumax;Equipo de computo;Mouse;Mouse-Bodg50-9048-900-0044 GMRESC R3;Compumax Computer ;Campuslands;70000;;;
327;966217823;CP098;400SN39172;Compumax;Equipo de computo;CPU;CPU-Bodg50-9048-900-0044 GMRESC R3;Compumax Computer ;Campuslands;2000000;;;
327;966217823;MON098;COM2024CM21070442;Compumax;Equipo de computo;Monitor;Monitor-Bodg50-9048-900-0044 GMRESC R3;Compumax Computer ;Campuslands;300000;;;
327;966217823;TE098;KBM130091746;Compumax;Equipo de computo;Teclado;Teclado-Bodg50-9048-900-0044 GMRESC R3;Compumax Computer ;Campuslands;150000;;;
327;966217823;MO098;Sin serial ;Compumax;Equipo de computo;Mouse;Mouse-Bodg50-9048-900-0044 GMRESC R3;Compumax Computer ;Campuslands;70000;;;
327;966217823;CP099;102SN55083;Compumax;Equipo de computo;CPU;CPU-Bodg50-9048-900-0044 GMRESC R3;Compumax Computer ;Campuslands;2000000;;;
327;966217823;MON099;COM2024CM21070223;Compumax;Equipo de computo;Monitor;Monitor-Bodg50-9048-900-0044 GMRESC R3;Compumax Computer ;Campuslands;300000;;;
327;966217823;TE099;KBM130091747;Compumax;Equipo de computo;Teclado;Teclado-Bodg50-9048-900-0044 GMRESC R3;Compumax Computer ;Campuslands;150000;;;
327;966217823;MO099;Sin serial ;Compumax;Equipo de computo;Mouse;Mouse-Bodg50-9048-900-0044 GMRESC R3;Compumax Computer ;Campuslands;70000;;;
327;966217823;CP100;400SN39215;Compumax;Equipo de computo;CPU;CPU-Bodg50-9048-900-0044 GMRESC R3;Compumax Computer ;Campuslands;2000000;;;
327;966217823;MON100;COM2024CM21070482;Compumax;Equipo de computo;Monitor;Monitor-Bodg50-9048-900-0044 GMRESC R3;Compumax Computer ;Campuslands;300000;;;
327;966217823;TE100;KBM130091744;Compumax;Equipo de computo;Teclado;Teclado-Bodg50-9048-900-0044 GMRESC R3;Compumax Computer ;Campuslands;150000;;;
327;966217823;MO100;Sin serial ;Compumax;Equipo de computo;Mouse;Mouse-Bodg50-9048-900-0044 GMRESC R3;Compumax Computer ;Campuslands;70000;;;
327;966217823;CP101;400SN39227;Compumax;Equipo de computo;CPU;CPU-Bodg50-9048-900-0044 GMRESC R3;Compumax Computer ;Campuslands;2000000;;;
327;966217823;MON101;COM2024CM21070844;Compumax;Equipo de computo;Monitor;Monitor-Bodg50-9048-900-0044 GMRESC R3;Compumax Computer ;Campuslands;300000;;;
327;966217823;TE101;KBM130090744;Compumax;Equipo de computo;Teclado;Teclado-Bodg50-9048-900-0044 GMRESC R3;Compumax Computer ;Campuslands;150000;;;
327;966217823;MO101;Sin serial ;Compumax;Equipo de computo;Mouse;Mouse-Bodg50-9048-900-0044 GMRESC R3;Compumax Computer ;Campuslands;70000;;;
327;966217823;CP102;400SN39169;Compumax;Equipo de computo;CPU;CPU-Bodg50-9048-900-0044 GMRESC R3;Compumax Computer ;Campuslands;2000000;;;
327;966217823;MON102;COM2024CM21070418;Compumax;Equipo de computo;Monitor;Monitor-Bodg50-9048-900-0044 GMRESC R3;Compumax Computer ;Campuslands;300000;;;
327;966217823;TE102;KBM130090752;Compumax;Equipo de computo;Teclado;Teclado-Bodg50-9048-900-0044 GMRESC R3;Compumax Computer ;Campuslands;150000;;;
327;966217823;MO102;Sin serial ;Compumax;Equipo de computo;Mouse;Mouse-Bodg50-9048-900-0044 GMRESC R3;Compumax Computer ;Campuslands;70000;;;
327;966217823;CP103;500SN32576;Compumax;Equipo de computo;CPU;CPU - Bodg50 - 4051 -900 - 0005R5;Compumax Computer ;Campuslands;2000000;;;
327;966217823;MON103;COM2024CM21070597;Compumax;Equipo de computo;Monitor;Monitor - Bodg50 - 4051 -900 - 0005R5;Compumax Computer ;Campuslands;300000;;;
327;966217823;TE103;CK440U-10923;Compumax;Equipo de computo;Teclado;Teclado - Bodg50 - 4051 -900 - 0005R5;Compumax Computer ;Campuslands;150000;;;
327;966217823;MO103;Sin serial ;Compumax;Equipo de computo;Mouse;Mouse - Bodg50 - 4051 -900 - 0005R5;Compumax Computer ;Campuslands;70000;;;
327;966217823;CP104;500SN32598;Compumax;Equipo de computo;CPU;CPU - Bodg50 - 4051 -900 - 0005R5;Compumax Computer ;Campuslands;2000000;;;
327;966217823;MON104;COM2024CM21070864;Compumax;Equipo de computo;Monitor;Monitor - Bodg50 - 4051 -900 - 0005R5;Compumax Computer ;Campuslands;300000;;;
327;966217823;TE104;CK440U-10924;Compumax;Equipo de computo;Teclado;Teclado - Bodg50 - 4051 -900 - 0005R5;Compumax Computer ;Campuslands;150000;;;
327;966217823;MO104;Sin serial ;Compumax;Equipo de computo;Mouse;Mouse - Bodg50 - 4051 -900 - 0005R5;Compumax Computer ;Campuslands;70000;;;
327;966217823;CP105;500SN32557;Compumax;Equipo de computo;CPU;CPU - Bodg50 - 4051 -900 - 0005R5;Compumax Computer ;Campuslands;2000000;;;
327;966217823;MON105;COM2024CM21070602;Compumax;Equipo de computo;Monitor;Monitor - Bodg50 - 4051 -900 - 0005R5;Compumax Computer ;Campuslands;300000;;;
327;966217823;TE105;CK440U-10925;Compumax;Equipo de computo;Teclado;Teclado - Bodg50 - 4051 -900 - 0005R5;Compumax Computer ;Campuslands;150000;;;
327;966217823;MO105;Sin serial ;Compumax;Equipo de computo;Mouse;Mouse - Bodg50 - 4051 -900 - 0005R5;Compumax Computer ;Campuslands;70000;;;
327;966217823;CP106;500SN32564;Compumax;Equipo de computo;CPU;CPU - Bodg50 - 4051 -900 - 0005R5;Compumax Computer ;Campuslands;2000000;;;
327;966217823;MON106;COM2024CM21070823;Compumax;Equipo de computo;Monitor;Monitor - Bodg50 - 4051 -900 - 0005R5;Compumax Computer ;Campuslands;300000;;;
327;966217823;TE106;CK440U-10926;Compumax;Equipo de computo;Teclado;Teclado - Bodg50 - 4051 -900 - 0005R5;Compumax Computer ;Campuslands;150000;;;
327;966217823;MO106;Sin serial ;Compumax;Equipo de computo;Mouse;Mouse - Bodg50 - 4051 -900 - 0005R5;Compumax Computer ;Campuslands;70000;;;
327;966217823;CP107;500SN32556;Compumax;Equipo de computo;CPU;CPU - Bodg50 - 4051 -900 - 0005R5;Compumax Computer ;Campuslands;2000000;;;
327;966217823;MON107;COM2024CM21070855;Compumax;Equipo de computo;Monitor;Monitor - Bodg50 - 4051 -900 - 0005R5;Compumax Computer ;Campuslands;300000;;;
327;966217823;TE107;CK440U-10927;Compumax;Equipo de computo;Teclado;Teclado - Bodg50 - 4051 -900 - 0005R5;Compumax Computer ;Campuslands;150000;;;
327;966217823;MO107;Sin serial ;Compumax;Equipo de computo;Mouse;Mouse - Bodg50 - 4051 -900 - 0005R5;Compumax Computer ;Campuslands;70000;;;
327;966217823;CP108;500SN32571;Compumax;Equipo de computo;CPU;CPU - Bodg50 - 4051 -900 - 0005R5;Compumax Computer ;Campuslands;2000000;;;
327;966217823;MON108;COM2024CM21070180;Compumax;Equipo de computo;Monitor;Monitor - Bodg50 - 4051 -900 - 0005R5;Compumax Computer ;Campuslands;300000;;;
327;966217823;TE108;CK440U-10936;Compumax;Equipo de computo;Teclado;Teclado - Bodg50 - 4051 -900 - 0005R5;Compumax Computer ;Campuslands;150000;;;
327;966217823;MO108;Sin serial ;Compumax;Equipo de computo;Mouse;Mouse - Bodg50 - 4051 -900 - 0005R5;Compumax Computer ;Campuslands;70000;;;
327;966217823;CP109;500SN32591;Compumax;Equipo de computo;CPU;CPU - Bodg50 - 4051 -900 - 0005R5;Compumax Computer ;Campuslands;2000000;;;
327;966217823;MON109;COM2024CM21070122;Compumax;Equipo de computo;Monitor;Monitor - Bodg50 - 4051 -900 - 0005R5;Compumax Computer ;Campuslands;300000;;;
327;966217823;TE109;CK440U-10937;Compumax;Equipo de computo;Teclado;Teclado - Bodg50 - 4051 -900 - 0005R5;Compumax Computer ;Campuslands;150000;;;
327;966217823;MO109;Sin serial ;Compumax;Equipo de computo;Mouse;Mouse - Bodg50 - 4051 -900 - 0005R5;Compumax Computer ;Campuslands;70000;;;
327;966217823;CP110;500SN32584;Compumax;Equipo de computo;CPU;CPU - Bodg50 - 4051 -900 - 0005R5;Compumax Computer ;Campuslands;2000000;;;
327;966217823;MON110;COM2024CM21070784;Compumax;Equipo de computo;Monitor;Monitor - Bodg50 - 4051 -900 - 0005R5;Compumax Computer ;Campuslands;300000;;;
327;966217823;TE110;CK440U-10935;Compumax;Equipo de computo;Teclado;Teclado - Bodg50 - 4051 -900 - 0005R5;Compumax Computer ;Campuslands;150000;;;
327;966217823;MO110;Sin serial ;Compumax;Equipo de computo;Mouse;Mouse - Bodg50 - 4051 -900 - 0005R5;Compumax Computer ;Campuslands;70000;;;
327;966217823;CP111;500SN32627;Compumax;Equipo de computo;CPU;CPU - Bodg50 - 4051 -900 - 0005R5;Compumax Computer ;Campuslands;2000000;;;
327;966217823;MON111;COM2024CM21070095;Compumax;Equipo de computo;Monitor;Monitor - Bodg50 - 4051 -900 - 0005R5;Compumax Computer ;Campuslands;300000;;;
327;966217823;TE111;CK440U-10974;Compumax;Equipo de computo;Teclado;Teclado - Bodg50 - 4051 -900 - 0005R5;Compumax Computer ;Campuslands;150000;;;
327;966217823;MO111;Sin serial ;Compumax;Equipo de computo;Mouse;Mouse - Bodg50 - 4051 -900 -0005R5;Compumax Computer ;Campuslands;70000;;;
327;966217823;CP112;500SN32621;Compumax;Equipo de computo;CPU;CPU - Bodg50 - 4051 -900 - 0005R5;Compumax Computer ;Campuslands;2000000;;;
327;966217823;MON112;COM2024CM21070221;Compumax;Equipo de computo;Monitor;Monitor - Bodg50 - 4051 -900 - 0005R5;Compumax Computer ;Campuslands;300000;;;
327;966217823;TE112;CK440U-10932;Compumax;Equipo de computo;Teclado;Teclado - Bodg50 - 4051 -900 - 0005R5;Compumax Computer ;Campuslands;150000;;;
327;966217823;MO112;Sin serial ;Compumax;Equipo de computo;Mouse;Mouse - Bodg50 - 4051 -900 - 0005R5;Compumax Computer ;Campuslands;70000;;;
327;966217823;CP113;500SN32588;Compumax;Equipo de computo;CPU;CPU - Bodg50 - 4051 -900 - 0005R5;Compumax Computer ;Campuslands;2000000;;;
327;966217823;MON113;COM2024CM21070836;Compumax;Equipo de computo;Monitor;Monitor - Bodg50 - 4051 -900 - 0005R5;Compumax Computer ;Campuslands;300000;;;
327;966217823;TE113;CK440U-10934;Compumax;Equipo de computo;Teclado;Teclado - Bodg50 - 4051 -900 - 0005R5;Compumax Computer ;Campuslands;150000;;;
327;966217823;MO113;Sin serial ;Compumax;Equipo de computo;Mouse;Mouse - Bodg50 - 4051 -900 - 0005R5;Compumax Computer ;Campuslands;70000;;;
327;966217823;CP114;500SN32626;Compumax;Equipo de computo;CPU;CPU - Bodg50 - 4051 -900 - 0005R5;Compumax Computer ;Campuslands;2000000;;;
327;966217823;MON114;COM2024CM21070776;Compumax;Equipo de computo;Monitor;Monitor - Bodg50 - 4051 -900 - 0005R5;Compumax Computer ;Campuslands;300000;;;
327;966217823;TE114;CK440U-10933;Compumax;Equipo de computo;Teclado;Teclado - Bodg50 - 4051 -900 - 0005R5;Compumax Computer ;Campuslands;150000;;;
327;966217823;MO114;Sin serial ;Compumax;Equipo de computo;Mouse;Mouse - Bodg50 - 4051 -900 - 0005R5;Compumax Computer ;Campuslands;70000;;;
327;966217823;CP115;500SN32596;Compumax;Equipo de computo;CPU;CPU - Bodg50 - 4051 -900 - 0005R5;Compumax Computer ;Campuslands;2000000;;;
327;966217823;MON115;COM2024CM21070605;Compumax;Equipo de computo;Monitor;Monitor - Bodg50 - 4051 -900 - 0005R5;Compumax Computer ;Campuslands;300000;;;
327;966217823;TE115;CK440U-10928;Compumax;Equipo de computo;Teclado;Teclado - Bodg50 - 4051 -900 - 0005R5;Compumax Computer ;Campuslands;150000;;;
327;966217823;MO115;Sin serial ;Compumax;Equipo de computo;Mouse;Mouse - Bodg50 - 4051 -900 - 0005R5;Compumax Computer ;Campuslands;70000;;;
327;966217823;CP116;500SN32567;Compumax;Equipo de computo;CPU;CPU - Bodg50 - 4051 -900 - 0005R5;Compumax Computer ;Campuslands;2000000;;;
327;966217823;MON116;COM2024CM21070511;Compumax;Equipo de computo;Monitor;Monitor - Bodg50 - 4051 -900 - 0005R5;Compumax Computer ;Campuslands;300000;;;
327;966217823;TE116;CK440U-11024;Compumax;Equipo de computo;Teclado;Teclado - Bodg50 - 4051 -900 - 0005R5;Compumax Computer ;Campuslands;150000;;;
327;966217823;MO116;Sin serial ;Compumax;Equipo de computo;Mouse;Mouse - Bodg50 - 4051 -900 - 0005R5;Compumax Computer ;Campuslands;70000;;;
327;966217823;CP117;500SN32585;Compumax;Equipo de computo;CPU;CPU - Bodg50 - 4051 -900 - 0005R5;Compumax Computer ;Campuslands;2000000;;;
327;966217823;MON117;COM2024CM21070408;Compumax;Equipo de computo;Monitor;Monitor - Bodg50 - 4051 -900 - 0005R5;Compumax Computer ;Campuslands;300000;;;
327;966217823;TE117;CK440U-10931;Compumax;Equipo de computo;Teclado;Teclado - Bodg50 - 4051 -900 - 0005R5;Compumax Computer ;Campuslands;150000;;;
327;966217823;MO117;Sin serial ;Compumax;Equipo de computo;Mouse;Mouse - Bodg50 - 4051 -900 - 0005R5;Compumax Computer ;Campuslands;70000;;;
327;966217823;CP118;500SN32572;Compumax;Equipo de computo;CPU;CPU - Bodg50 - 4051 -900 - 0005R5;Compumax Computer ;Campuslands;2000000;;;
327;966217823;MON118;COM2024CM21070209;Compumax;Equipo de computo;Monitor;Monitor - Bodg50 - 4051 -900 - 0005R5;Compumax Computer ;Campuslands;300000;;;
327;966217823;TE118;CK440U-11023;Compumax;Equipo de computo;Teclado;Teclado - Bodg50 - 4051 -900 - 0005R5;Compumax Computer ;Campuslands;150000;;;
327;966217823;MO118;Sin serial ;Compumax;Equipo de computo;Mouse;Mouse - Bodg50 - 4051 -900 - 0005R5;Compumax Computer ;Campuslands;70000;;;
327;966217823;CP119;500SN32599;Compumax;Equipo de computo;CPU;CPU - Bodg50 - 4051 -900 - 0005R5;Compumax Computer ;Campuslands;2000000;;;
327;966217823;MON119;COM2024CM21070285;Compumax;Equipo de computo;Monitor;Monitor - Bodg50 - 4051 -900 - 0005R5;Compumax Computer ;Campuslands;300000;;;
327;966217823;TE119;CK440U-11026;Compumax;Equipo de computo;Teclado;Teclado - Bodg50 - 4051 -900 - 0005R5;Compumax Computer ;Campuslands;150000;;;
327;966217823;MO119;Sin serial ;Compumax;Equipo de computo;Mouse;Mouse - Bodg50 - 4051 -900 - 0005R5;Compumax Computer ;Campuslands;70000;;;
327;966217823;CP120;500SN32581;Compumax;Equipo de computo;CPU;CPU - Bodg50 - 4051 -900 - 0005R5;Compumax Computer ;Campuslands;2000000;;;
327;966217823;MON120;COM2024CM21070086;Compumax;Equipo de computo;Monitor;Monitor - Bodg50 - 4051 -900 - 0005R5;Compumax Computer ;Campuslands;300000;;;
327;966217823;TE120;CK440U-11025;Compumax;Equipo de computo;Teclado;Teclado - Bodg50 - 4051 -900 - 0005R5;Compumax Computer ;Campuslands;150000;;;
327;966217823;MO120;Sin serial ;Compumax;Equipo de computo;Mouse;Mouse - Bodg50 - 4051 -900 - 0005R5;Compumax Computer ;Campuslands;70000;;;
327;966217823;CP121;500SN32619;Compumax;Equipo de computo;CPU;CPU - Bodg50 - 4051 -900 - 0005R5;Compumax Computer ;Campuslands;2000000;;;
327;966217823;MON121;COM2024CM21070669;Compumax;Equipo de computo;Monitor;Monitor - Bodg50 - 4051 -900 - 0005R5;Compumax Computer ;Campuslands;300000;;;
327;966217823;TE121;CK440U-10930;Compumax;Equipo de computo;Teclado;Teclado - Bodg50 - 4051 -900 - 0005R5;Compumax Computer ;Campuslands;150000;;;
327;966217823;MO121;Sin serial ;Compumax;Equipo de computo;Mouse;Mouse - Bodg50 - 4051 -900 - 0005R5;Compumax Computer ;Campuslands;70000;;;
327;966217823;CP122;500SN32575;Compumax;Equipo de computo;CPU;CPU - Bodg50 - 4051 -900 - 0005R5;Compumax Computer ;Campuslands;2000000;;;
327;966217823;MON122;COM2024CM21070692;Compumax;Equipo de computo;Monitor;Monitor - Bodg50 - 4051 -900 - 0005R5;Compumax Computer ;Campuslands;300000;;;
327;966217823;TE122;CK440U-10929;Compumax;Equipo de computo;Teclado;Teclado - Bodg50 - 4051 -900 - 0005R5;Compumax Computer ;Campuslands;150000;;;
327;966217823;MO122;Sin serial ;Compumax;Equipo de computo;Mouse;Mouse - Bodg50 - 4051 -900 - 0005R5;Compumax Computer ;Campuslands;70000;;;
327;966217823;CP123;500SN32595;Compumax;Equipo de computo;CPU;CPU - Bodg50 - 4051 -900 - 0005R5;Compumax Computer ;Campuslands;2000000;;;
327;966217823;MON123;COM2024CM21070057;Compumax;Equipo de computo;Monitor;Monitor - Bodg50 - 4051 -900 - 0005R5;Compumax Computer ;Campuslands;300000;;;
327;966217823;TE123;CK440U-10760;Compumax;Equipo de computo;Teclado;Teclado - Bodg50 - 4051 -900 - 0005R5;Compumax Computer ;Campuslands;150000;;;
327;966217823;MO123;Sin serial ;Compumax;Equipo de computo;Mouse;Mouse - Bodg50 - 4051 -900 - 0005R5;Compumax Computer ;Campuslands;70000;;;
327;966217823;CP124;500SN32604;Compumax;Equipo de computo;CPU;CPU - Bodg50 - 4051 -900 - 0005R5;Compumax Computer ;Campuslands;2000000;;;
327;966217823;MON124;COM2024CM21070575;Compumax;Equipo de computo;Monitor;Monitor - Bodg50 - 4051 -900 - 0005R5;Compumax Computer ;Campuslands;300000;;;
327;966217823;TE124;CK440U-10656;Compumax;Equipo de computo;Teclado;Teclado - Bodg50 - 4051 -900 - 0005R5;Compumax Computer ;Campuslands;150000;;;
